elderly_id,lat,lng,preferred_time_slots,cluster
1,43.31,-70.84,"Thu 6-9, Wed 3-6",2
2,39.5,-75.4,"Mon 9-12, Fri 9-12, Sun 9-12",1
3,42.5,-111.7,"Wed 6-9, Sun 3-6, Sun 12-3",4
4,42.5,-100,"Fri 12-3, Wed 3-6, Fri 12-3",4
5,39.9,-75.04,"Mon 9-12, Thu 9-12, Mon 6-9",1
6,40.83,-75.03,"Wed 3-6, Mon 3-6, Fri 3-6",4
7,NA,NA,"Fri 12-3, Sat 3-6",NA
8,40.308,-81.188,"Wed 9-12, Mon 12-3",2
9,45.6,-94.7,"Mon 9-12, Tue 9-12",1
10,39.76,-86.26,"Mon 6-9, Tue 12-3, Thu 12-3",3
11,35.7,-99.9,"Wed 6-9, Mon 3-6, Mon 3-6",4
12,33.54,-86.8,"Fri 3-6, Mon 3-6",4
13,39.4,-100.1,"Thu 9-12, Mon 6-9, Fri 12-3",4
14,42.41,-75.47,"Sun 3-6, Fri 9-12, Mon 9-12",1
15,44.7,-116.3,"Sat 12-3, Thu 12-3",3
16,41.47,-92.3,"Mon 9-12, Fri 9-12, Thu 12-3",1
17,NA,NA,"Wed 12-3, Tue 6-9",NA
18,43.3,-72.5,"Sun 3-6, Tue 9-12, Sun 12-3",2
19,41.2,-76.9,"Sun 9-12, Sat 9-12",4
20,48,-99.5,"Tue 9-12, Sun 9-12, Thu 12-3",3
21,31.8,-94.5,"Tue 9-12, Mon 6-9, Mon 12-3",2
22,41.01,-89.64,"Sat 12-3, Wed 9-12",2
23,31.7,-95.6,"Sun 6-9, Wed 9-12",2
24,NA,NA,"Mon 12-3, Mon 3-6",NA
25,NA,NA,"Tue 9-12, Wed 12-3",NA
26,46.3,-110.8,"Sun 6-9, Tue 9-12, Tue 6-9",2
27,37.2,-83.4,"Thu 12-3, Wed 3-6, Thu 9-12",3
28,47.2,-96.7,"Mon 3-6, Sat 6-9, Wed 3-6",4
29,40.14,-77.11,"Wed 9-12, Sun 9-12",2
30,30.2,-90.7,"Sat 9-12, Thu 6-9",2
31,37.78,-122.42,"Mon 9-12, Sun 6-9",1
32,39.74,-84.08,"Thu 9-12, Mon 3-6",4
33,NA,NA,"Mon 12-3, Tue 6-9",NA
34,36.62,-121.41,"Thu 3-6, Sun 12-3",4
35,44.7,-68.4,"Wed 12-3, Mon 3-6, Sun 9-12",4
36,NA,NA,"Mon 6-9, Mon 9-12",NA
37,39.1,-85.5,"Thu 12-3, Thu 12-3",3
38,44.69,-69.39,"Thu 3-6, Fri 3-6, Sun 9-12",4
39,39.9,-98,"Sun 9-12, Wed 12-3, Tue 9-12",2
40,NA,NA,"Fri 3-6, Sun 6-9",NA
41,46.472,-90.003,"Sat 12-3, Sat 12-3",4
42,44.7,-85.1,"Sun 6-9, Tue 9-12, Mon 6-9",2
43,39.5,-81,"Tue 6-9, Mon 12-3, Wed 12-3",4
44,42.59,-83.38,"Tue 9-12, Wed 12-3",2
45,33.6,-86.3,"Wed 6-9, Sun 12-3, Sat 12-3",4
46,NA,NA,"Mon 12-3, Fri 6-9",NA
47,43.63,-72.24,"Fri 9-12, Sat 6-9, Fri 12-3",2
48,NA,NA,"Fri 9-12, Sat 3-6",NA
49,42.33,-83.05,"Sun 3-6, Mon 9-12",1
50,30.6,-95.4,"Tue 3-6, Tue 12-3",4
51,NA,NA,"Sat 6-9, Wed 6-9",NA
52,40.86,-76,"Thu 12-3, Mon 3-6",3
53,41.8,-75.5,"Fri 9-12, Thu 9-12",4
54,42.93,-78.81,"Sat 12-3, Sat 3-6, Sat 9-12",2
55,NA,NA,"Sat 12-3, Wed 9-12, Thu 9-12",NA
56,37.67,-121.01,"Sat 6-9, Sat 6-9",4
57,38.4,-122.51,"Tue 3-6, Tue 9-12",2
58,NA,NA,"Fri 9-12, Sat 3-6, Sat 9-12",NA
59,NA,NA,"Sat 3-6, Fri 3-6",NA
60,47.4,-117.6,"Tue 9-12, Sat 6-9",2
61,47.8,-99.8,"Wed 3-6, Tue 12-3",2
62,38.975,-77.028,"Mon 9-12, Wed 3-6",1
63,37.06,-88.49,"Fri 9-12, Sun 12-3",4
64,NA,NA,"Sun 6-9, Wed 3-6",NA
65,NA,NA,"Fri 3-6, Fri 6-9",NA
66,47.4,-96,"Tue 3-6, Wed 12-3, Mon 9-12",1
67,40.95,-73.79,"Wed 9-12, Sat 3-6, Tue 6-9",2
68,34.35,-91.15,"Sat 3-6, Sat 12-3",4
69,36.9,-78.2,"Wed 9-12, Wed 6-9, Sun 9-12",2
70,41.4,-73.7,"Sat 3-6, Tue 9-12, Sat 9-12",2
71,44.64,-70.01,"Tue 6-9, Sun 12-3, Wed 12-3",4
72,37.2,-109.4,"Tue 3-6, Fri 9-12",4
73,34.38,-82.72,"Wed 3-6, Tue 12-3, Mon 6-9",4
74,39.91,-75.27,"Sun 3-6, Sun 12-3",4
75,NA,NA,"Fri 9-12, Tue 12-3, Tue 6-9",NA
76,39.7,-83.8,"Fri 9-12, Mon 3-6, Thu 9-12",4
77,NA,NA,"Sun 12-3, Sun 6-9",NA
78,NA,NA,"Fri 9-12, Mon 3-6",NA
79,44,-93,"Mon 6-9, Sat 3-6",2
80,41.98,-75.74,"Sun 12-3, Mon 6-9, Tue 6-9",2
81,29.65,-95.52,"Fri 12-3, Thu 12-3",3
82,40.25,-81.71,"Sat 12-3, Thu 9-12, Wed 3-6",4
83,40.62,-75.62,"Sun 6-9, Sat 3-6",4
84,31.8,-101.5,"Fri 3-6, Sun 12-3",4
85,41,-94.8,"Sat 9-12, Wed 3-6, Sat 3-6",4
86,39.8,-74.93,"Tue 12-3, Fri 12-3",4
87,42.3,-71.22,"Fri 3-6, Sat 9-12",4
88,46.6,-105.8,"Tue 9-12, Sat 3-6, Sun 12-3",2
89,59.8,-151.7,"Sat 3-6, Sat 6-9, Wed 9-12",2
90,39,-95.8,"Fri 12-3, Fri 3-6",4
91,38.8,-86.5,"Thu 6-9, Tue 12-3",2
92,30.4,-97.1,"Sat 3-6, Sat 12-3",4
93,NA,NA,"Sat 9-12, Wed 3-6",NA
94,30.6,-91.7,"Sat 12-3, Sat 6-9, Tue 9-12",2
95,34.41,-81.81,"Sat 6-9, Mon 3-6",2
96,45.5,-117.5,"Mon 9-12, Wed 6-9, Fri 9-12",1
97,NA,NA,"Fri 9-12, Tue 12-3",NA
98,40.79,-73.6,"Sun 12-3, Wed 9-12, Sat 3-6",2
99,41,-95,"Thu 6-9, Thu 3-6",4
100,NA,NA,"Tue 12-3, Sun 12-3, Tue 12-3",NA
101,42.4,-93.8,"Thu 12-3, Sat 6-9, Mon 6-9",3
102,38.27,-76.75,"Wed 12-3, Sun 9-12",4
103,29.38,-98.56,"Thu 12-3, Sat 6-9, Thu 12-3",3
104,41.3,-111.9,"Thu 9-12, Mon 12-3, Wed 3-6",2
105,34.6,-93,"Sat 12-3, Sat 3-6, Fri 6-9",4
106,36.44,-95.73,"Wed 12-3, Thu 3-6, Tue 6-9",4
107,NA,NA,"Sat 12-3, Wed 9-12",NA
108,34.503,-112.24,"Mon 9-12, Thu 3-6, Mon 3-6",1
109,43.1,-89.2,"Wed 6-9, Sat 9-12",4
110,44.6,-91,"Wed 12-3, Sun 12-3",4
111,42.45,-72.83,"Fri 9-12, Fri 12-3, Sun 6-9",4
112,37.02,-84.03,"Sun 12-3, Sat 6-9, Tue 6-9",4
113,37.06,-76.46,"Fri 3-6, Tue 3-6",2
114,40.29,-78.51,"Mon 9-12, Sat 3-6, Sat 12-3",1
115,34.2,-85.8,"Thu 12-3, Sat 6-9",3
116,38.9,-84,"Fri 12-3, Thu 12-3, Fri 9-12",3
117,31.4,-81.8,"Mon 6-9, Tue 6-9",4
118,37.55,-88.99,"Sun 6-9, Tue 3-6",4
119,46.8,-90.7,"Fri 9-12, Wed 12-3",4
120,43.65,-73.03,"Mon 9-12, Fri 12-3, Tue 3-6",1
121,29.8,-100.1,"Wed 6-9, Thu 3-6",2
122,35.856,-90.042,"Fri 12-3, Mon 6-9",2
123,NA,NA,"Sat 12-3, Thu 6-9, Thu 3-6",NA
124,NA,NA,"Tue 3-6, Fri 6-9, Thu 6-9",NA
125,38.22,-76.76,"Fri 6-9, Fri 6-9",4
126,NA,NA,"Tue 9-12, Wed 6-9, Sun 12-3",NA
127,32.74,-83.95,"Mon 6-9, Wed 6-9",4
128,39.04,-95.68,"Tue 12-3, Wed 3-6, Mon 3-6",4
129,NA,NA,"Thu 9-12, Fri 9-12",NA
130,NA,NA,"Thu 12-3, Tue 6-9, Mon 9-12",NA
131,39.8,-83.1,"Fri 9-12, Thu 12-3",3
132,35.57,-80.89,"Fri 9-12, Thu 9-12, Sun 6-9",4
133,47.84,-122.33,"Fri 3-6, Sun 9-12, Tue 6-9",4
134,32.99,-96.66,"Sat 3-6, Sat 9-12, Tue 3-6",4
135,NA,NA,"Mon 9-12, Mon 12-3",NA
136,38.47,-91.95,"Thu 6-9, Wed 9-12",2
137,43.8,-91.8,"Sun 9-12, Sun 9-12",4
138,35.8,-78.4,"Mon 12-3, Tue 6-9, Tue 12-3",4
139,NA,NA,"Thu 12-3, Mon 6-9, Sun 3-6",NA
140,NA,NA,"Sat 12-3, Fri 6-9",NA
141,40.52,-79.83,"Thu 6-9, Sun 12-3, Sun 6-9",4
142,42.816,-75.354,"Mon 12-3, Thu 6-9",4
143,36.37,-92.55,"Tue 12-3, Fri 9-12",4
144,46.9,-122.7,"Mon 3-6, Thu 3-6, Tue 6-9",4
145,NA,NA,"Fri 9-12, Tue 9-12, Wed 6-9",NA
146,37.7,-89.6,"Sat 6-9, Fri 12-3",4
147,43.74,-88.87,"Sat 12-3, Sat 6-9",4
148,NA,NA,"Tue 9-12, Wed 9-12",NA
149,42.13,-89.26,"Thu 6-9, Sun 3-6",2
150,NA,NA,"Wed 3-6, Sun 12-3, Fri 9-12",NA
151,31.176,-85.796,"Thu 6-9, Thu 9-12",4
152,NA,NA,"Mon 3-6, Mon 6-9",NA
153,21.4546,-157.7649,"Sun 6-9, Wed 9-12",2
154,NA,NA,"Mon 9-12, Thu 12-3, Wed 12-3",NA
155,36.1,-95.85,"Fri 3-6, Mon 9-12",1
156,NA,NA,"Sun 3-6, Fri 12-3, Mon 3-6",NA
157,43.73,-70.13,"Sat 12-3, Tue 6-9, Mon 3-6",4
158,36.56,-91.98,"Wed 12-3, Tue 12-3",4
159,27.2,-98.2,"Thu 6-9, Sat 3-6",4
160,38.72,-76.21,"Sun 3-6, Fri 12-3, Fri 12-3",4
161,32.3,-85.3,"Wed 12-3, Mon 9-12",1
162,39.45,-84.36,"Thu 9-12, Tue 9-12, Thu 3-6",2
163,40.1,-123.4,"Sat 3-6, Wed 9-12, Tue 12-3",2
164,43.1,-85.1,"Sat 6-9, Fri 12-3",4
165,NA,NA,"Fri 3-6, Wed 9-12",NA
166,NA,NA,"Tue 6-9, Mon 3-6, Wed 6-9",NA
167,34.1,-118.05,"Thu 6-9, Tue 9-12, Mon 6-9",2
168,36.38,-94.58,"Tue 12-3, Wed 9-12, Sun 12-3",2
169,47.99,-122.2,"Sat 6-9, Thu 12-3, Sat 12-3",3
170,43.56,-83.83,"Thu 9-12, Wed 3-6, Tue 12-3",4
171,43.8,-90.4,"Sat 9-12, Sat 6-9",4
172,48.1,-115.9,"Sat 12-3, Mon 6-9, Fri 3-6",4
173,41,-96.1,"Fri 3-6, Thu 3-6",4
174,34.18,-86.6,"Tue 6-9, Thu 12-3",3
175,27.6,-80.6,"Sat 3-6, Mon 12-3",4
176,NA,NA,"Tue 3-6, Sat 12-3",NA
177,35.9,-80.1,"Wed 6-9, Fri 9-12",4
178,41.53,-83.37,"Sun 3-6, Mon 12-3",2
179,33.5,-92.3,"Wed 6-9, Tue 9-12",2
180,40.5,-121,"Thu 12-3, Sun 9-12",3
181,39.9,-96.2,"Sat 6-9, Mon 9-12",1
182,34.3,-96.1,"Sat 12-3, Wed 9-12, Tue 6-9",2
183,43.16,-72.93,"Mon 3-6, Mon 12-3",4
184,NA,NA,"Tue 6-9, Fri 6-9, Tue 6-9",NA
185,NA,NA,"Sun 12-3, Wed 9-12, Tue 3-6",NA
186,44.88,-89.63,"Thu 9-12, Sun 3-6",4
187,38,-78.6,"Sun 6-9, Sat 9-12, Sat 9-12",4
188,NA,NA,"Fri 6-9, Tue 9-12, Tue 12-3",NA
189,NA,NA,"Mon 6-9, Tue 3-6, Wed 6-9",NA
190,43.1,-85.5,"Sat 6-9, Mon 9-12, Wed 12-3",1
191,42.4,-124.3,"Sat 12-3, Thu 6-9, Tue 3-6",4
192,32.48,-83.64,"Wed 6-9, Sat 6-9, Wed 6-9",4
193,43.1,-90.3,"Mon 9-12, Mon 3-6, Thu 6-9",1
194,38.3,-89.4,"Fri 3-6, Tue 6-9, Fri 12-3",4
195,39.02,-94.78,"Sat 9-12, Tue 12-3, Sun 6-9",2
196,40.282,-104.777,"Sat 6-9, Tue 12-3, Wed 9-12",2
197,43.1,-94.9,"Wed 12-3, Wed 9-12, Sat 12-3",2
198,44.8,-93.8,"Sun 12-3, Sat 9-12",4
199,45.2,-84.8,"Tue 9-12, Fri 6-9, Sun 3-6",2
200,31.2,-81.8,"Sun 12-3, Fri 9-12, Thu 12-3",3
201,40.18,-80.69,"Tue 6-9, Tue 9-12",2
202,41.7,-89.1,"Fri 3-6, Tue 6-9",4
203,29.47,-98.88,"Sun 3-6, Tue 12-3",2
204,39.1,-105.9,"Fri 12-3, Mon 6-9",4
205,18.38,-66.62,"Fri 3-6, Sun 12-3",2
206,31.2,-98.4,"Thu 9-12, Thu 6-9",2
207,43.6,-96.82,"Sun 3-6, Sun 3-6, Sat 12-3",4
208,41.19,-90.38,"Fri 3-6, Fri 6-9",4
209,42.85,-83.29,"Tue 3-6, Tue 12-3",4
210,43.4,-72.2,"Sat 6-9, Mon 6-9",4
211,NA,NA,"Mon 9-12, Wed 6-9",NA
212,46,-123,"Wed 12-3, Thu 9-12, Sun 12-3",4
213,37.77,-83.64,"Tue 6-9, Tue 12-3",4
214,46.4,-118.5,"Mon 6-9, Tue 3-6, Fri 3-6",4
215,40.8,-111.7,"Sun 6-9, Sat 3-6",4
216,31.5,-87.3,"Thu 12-3, Sat 9-12",3
217,41.27,-72.96,"Fri 12-3, Tue 9-12, Fri 12-3",2
218,34.94,-87.24,"Mon 12-3, Sat 9-12",4
219,35.05,-81.97,"Thu 9-12, Tue 9-12, Sun 12-3",4
220,NA,NA,"Thu 9-12, Mon 3-6, Fri 3-6",NA
221,41.96,-71.64,"Wed 6-9, Sun 3-6, Fri 12-3",4
222,NA,NA,"Fri 12-3, Wed 6-9",NA
223,27.2,-80.26,"Fri 6-9, Sun 12-3",4
224,39.7,-98.4,"Sun 3-6, Tue 9-12, Mon 12-3",2
225,39.3,-80.1,"Thu 12-3, Wed 9-12",3
226,42.33,-78.14,"Mon 3-6, Thu 3-6, Tue 12-3",2
227,40.31,-76.27,"Sun 6-9, Thu 12-3",3
228,NA,NA,"Thu 6-9, Sat 9-12, Wed 6-9",NA
229,NA,NA,"Sat 3-6, Tue 3-6",NA
230,46.1,-111.6,"Fri 12-3, Wed 9-12",2
231,34.7,-77.3,"Fri 12-3, Sun 12-3, Sun 3-6",4
232,40.83,-73.5,"Sun 12-3, Sat 12-3",4
233,38.36,-81.55,"Fri 12-3, Sun 12-3",4
234,35.3,-100.6,"Thu 12-3, Tue 12-3",3
235,37.12,-83.25,"Sat 12-3, Sat 9-12, Thu 3-6",4
236,35.05,-80.81,"Tue 9-12, Tue 9-12, Mon 12-3",2
237,NA,NA,"Tue 6-9, Mon 6-9",NA
238,35.24,-82.62,"Thu 6-9, Tue 3-6",4
239,39.28,-84.53,"Fri 9-12, Tue 9-12, Mon 9-12",1
240,NA,NA,"Sat 3-6, Fri 9-12, Mon 9-12",NA
241,36.11,-96.05,"Thu 6-9, Sun 3-6, Sat 3-6",4
242,39.99,-80.43,"Thu 9-12, Sun 6-9",4
243,34.8,-120.4,"Sat 6-9, Fri 3-6",4
244,44.9,-89.8,"Mon 3-6, Wed 12-3",4
245,40.61,-76.74,"Wed 12-3, Wed 6-9",2
246,40.6,-82.1,"Wed 9-12, Fri 6-9, Fri 3-6",2
247,39.8,-81.2,"Mon 6-9, Mon 12-3, Fri 12-3",4
248,NA,NA,"Thu 6-9, Thu 12-3, Mon 9-12",NA
249,48,-121.5,"Wed 12-3, Fri 6-9",4
250,41.5,-71.73,"Wed 3-6, Tue 9-12",2
251,41.2,-74.8,"Fri 6-9, Mon 6-9, Tue 12-3",4
252,36.1,-88.5,"Fri 3-6, Mon 3-6",4
253,40.2,-74.71,"Thu 12-3, Sun 12-3",3
254,39.5,-85.2,"Fri 6-9, Tue 12-3, Wed 9-12",2
255,NA,NA,"Wed 12-3, Tue 6-9",NA
256,33.1,-83.2,"Sun 12-3, Fri 3-6, Fri 12-3",4
257,NA,NA,"Sun 12-3, Sun 9-12",NA
258,44.5,-72.5,"Sun 9-12, Sat 6-9",4
259,38.9,-101.9,"Wed 3-6, Fri 3-6, Sat 6-9",2
260,21.53,-158.01,"Fri 3-6, Wed 12-3",4
261,37.73,-122.46,"Mon 3-6, Sun 6-9",2
262,NA,NA,"Wed 9-12, Mon 9-12",NA
263,31.3,-104.7,"Mon 3-6, Thu 12-3",3
264,35.4,-94.7,"Tue 12-3, Mon 12-3, Mon 6-9",2
265,36.8,-85.1,"Sat 12-3, Fri 3-6",4
266,36.74,-79.95,"Mon 9-12, Thu 12-3, Sat 9-12",1
267,37.5,-98.4,"Sun 6-9, Wed 3-6",4
268,37.39,-84.25,"Wed 9-12, Mon 9-12",1
269,NA,NA,"Fri 9-12, Tue 9-12, Mon 3-6",NA
270,42.1,-91.6,"Tue 12-3, Thu 12-3",3
271,37.79,-122.42,"Fri 9-12, Sun 3-6, Fri 3-6",4
272,40.62,-89.69,"Fri 3-6, Sat 12-3, Fri 3-6",4
273,32.2,-111,"Mon 12-3, Thu 12-3",3
274,NA,NA,"Thu 6-9, Fri 3-6",NA
275,NA,NA,"Thu 9-12, Tue 6-9, Tue 12-3",NA
276,37.3,-93.7,"Sat 9-12, Fri 9-12, Sun 3-6",2
277,43.8,-123.3,"Fri 12-3, Tue 3-6",4
278,47.5,-122,"Thu 3-6, Sun 3-6",4
279,36.89,-83.22,"Fri 9-12, Sun 12-3",4
280,39.27,-74.96,"Wed 12-3, Sat 6-9, Tue 9-12",2
281,33.64,-117.88,"Mon 6-9, Tue 6-9",4
282,39.86,-83.92,"Thu 3-6, Thu 12-3, Sat 9-12",3
283,NA,NA,"Thu 3-6, Mon 3-6",NA
284,39.5,-94.8,"Sat 3-6, Wed 6-9, Tue 3-6",4
285,39.3,-92.3,"Mon 9-12, Sun 6-9",1
286,NA,NA,"Sun 6-9, Sat 6-9",NA
287,29.74,-95.64,"Mon 6-9, Fri 3-6, Sun 6-9",4
288,NA,NA,"Sun 6-9, Wed 12-3",NA
289,40.64,-79.73,"Mon 9-12, Sat 6-9",1
290,38.36,-92.3,"Fri 3-6, Wed 6-9, Wed 9-12",2
291,32.78,-96.87,"Thu 6-9, Thu 3-6",2
292,47.8,-105.4,"Wed 9-12, Fri 3-6",2
293,39.859,-77.702,"Fri 6-9, Mon 3-6, Sat 9-12",2
294,NA,NA,"Sat 9-12, Mon 9-12, Fri 6-9",NA
295,37.7,-92.7,"Mon 12-3, Tue 12-3",4
296,NA,NA,"Sun 6-9, Tue 9-12, Mon 12-3",NA
297,41.397,-96.209,"Wed 12-3, Sat 9-12",4
298,39.73,-75.42,"Mon 6-9, Thu 12-3",3
299,34.8,-82,"Sun 12-3, Sat 3-6",4
300,42.02,-71.02,"Fri 9-12, Wed 3-6, Thu 12-3",3
301,37.95,-81.33,"Sun 12-3, Mon 12-3, Fri 12-3",4
302,35.44,-97.44,"Mon 3-6, Sun 6-9, Thu 6-9",4
303,41.052,-76.676,"Tue 12-3, Tue 12-3, Thu 9-12",4
304,45.89,-123.96,"Mon 9-12, Mon 9-12, Fri 3-6",1
305,43.15,-88.16,"Mon 9-12, Fri 6-9, Sat 9-12",1
306,39.79,-75.57,"Sat 3-6, Sat 12-3",2
307,40.09,-75.39,"Sat 12-3, Tue 6-9",4
308,40.68,-73.95,"Sun 6-9, Sun 6-9, Sun 3-6",2
309,NA,NA,"Fri 6-9, Mon 3-6",NA
310,33.93,-114.006,"Thu 3-6, Fri 6-9, Fri 12-3",4
311,38.86,-87.19,"Sun 3-6, Sat 12-3, Fri 9-12",4
312,47.121,-88.502,"Thu 9-12, Mon 6-9",4
313,41.1087,-76.8793,"Thu 3-6, Tue 9-12",2
314,42.19,-76.73,"Thu 9-12, Sun 12-3",2
315,30.85,-88.06,"Tue 3-6, Thu 3-6, Fri 12-3",4
316,41.67,-87.74,"Thu 3-6, Tue 9-12",2
317,33.8,-100.7,"Thu 6-9, Sun 9-12",4
318,38.6,-91.2,"Tue 6-9, Tue 12-3",4
319,34.1,-88.1,"Sat 3-6, Fri 12-3, Sat 9-12",4
320,37.7821,-97.202,"Fri 9-12, Sun 9-12",4
321,NA,NA,"Tue 6-9, Mon 9-12",NA
322,40.7,-112,"Thu 6-9, Wed 9-12, Mon 9-12",1
323,NA,NA,"Mon 12-3, Thu 3-6, Tue 12-3",NA
324,44.6,-96.6,"Thu 3-6, Mon 9-12",1
325,41.08,-80.88,"Wed 12-3, Wed 3-6",4
326,36.3,-99.1,"Sat 9-12, Mon 12-3",4
327,35.49,-96.36,"Tue 6-9, Thu 6-9",4
328,63,-160,"Tue 9-12, Sat 9-12, Mon 3-6",2
329,35.1,-82.1,"Tue 6-9, Wed 9-12, Mon 6-9",2
330,NA,NA,"Thu 12-3, Tue 6-9",NA
331,35.48,-85.7,"Tue 3-6, Mon 6-9, Mon 3-6",4
332,NA,NA,"Tue 9-12, Sat 6-9, Sat 12-3",NA
333,40.5,-121,"Fri 3-6, Thu 12-3, Sun 3-6",3
334,31.2,-101.2,"Thu 12-3, Wed 3-6, Sun 6-9",3
335,37.37,-122.21,"Sat 12-3, Thu 6-9, Fri 3-6",4
336,34.3,-104.6,"Fri 6-9, Tue 6-9",2
337,42.8,-105.9,"Wed 12-3, Sun 3-6, Sun 3-6",4
338,NA,NA,"Fri 3-6, Tue 12-3, Mon 9-12",NA
339,41.89,-87.94,"Tue 3-6, Sat 9-12, Wed 6-9",4
340,NA,NA,"Mon 9-12, Fri 3-6",NA
341,39.54,-77.76,"Thu 9-12, Thu 3-6, Sat 12-3",4
342,35.6,-77.8,"Sun 9-12, Tue 6-9, Sat 9-12",4
343,32.9,-92.3,"Tue 12-3, Thu 9-12, Mon 3-6",4
344,38.68,-77.32,"Wed 6-9, Thu 3-6",4
345,41.4,-77.1,"Sat 9-12, Sat 12-3",4
346,42.38,-83.28,"Tue 12-3, Wed 6-9, Wed 12-3",4
347,34.2,-95,"Tue 9-12, Mon 6-9",2
348,30.6,-86,"Tue 12-3, Wed 12-3",4
349,NA,NA,"Fri 12-3, Thu 9-12, Thu 9-12",NA
350,42.33,-96.45,"Sun 12-3, Thu 6-9",2
351,47.15,-68.63,"Sun 12-3, Fri 3-6, Mon 3-6",4
352,38.2,-121.6,"Sun 12-3, Wed 6-9, Sun 12-3",2
353,NA,NA,"Thu 12-3, Mon 12-3, Thu 12-3",NA
354,36.3,-80.5,"Fri 6-9, Thu 9-12, Mon 12-3",4
355,36.2,-89.3,"Wed 9-12, Fri 6-9",2
356,43.4,-86.1,"Tue 6-9, Thu 9-12",4
357,28.9,-98,"Sat 12-3, Fri 12-3, Sat 12-3",4
358,NA,NA,"Wed 9-12, Fri 3-6",NA
359,41.92,-71.44,"Fri 3-6, Sat 12-3",2
360,NA,NA,"Thu 12-3, Sat 3-6, Fri 12-3",NA
361,NA,NA,"Mon 9-12, Fri 9-12, Sat 6-9",NA
362,NA,NA,"Sun 6-9, Wed 9-12, Sat 12-3",NA
363,42.46,-71.22,"Sun 12-3, Tue 3-6",4
364,36.1,-80.32,"Fri 12-3, Sat 6-9, Thu 6-9",2
365,38.4,-84.5,"Fri 6-9, Sun 6-9, Sun 12-3",4
366,37.9,-92.3,"Thu 12-3, Fri 9-12",3
367,NA,NA,"Tue 12-3, Sun 12-3, Mon 9-12",NA
368,NA,NA,"Sat 6-9, Mon 12-3, Sun 3-6",NA
369,37.46,-81.26,"Mon 6-9, Thu 3-6, Tue 6-9",2
370,36.38,-90.03,"Fri 3-6, Wed 9-12, Mon 9-12",1
371,37.6,-106.2,"Mon 9-12, Fri 6-9",1
372,40.91,-74.15,"Thu 9-12, Sat 12-3, Sun 9-12",4
373,43.9,-122.1,"Wed 6-9, Mon 9-12, Wed 9-12",1
374,NA,NA,"Tue 6-9, Sun 6-9",NA
375,NA,NA,"Fri 12-3, Sat 9-12, Fri 9-12",NA
376,33.6,-84.7,"Sun 6-9, Thu 12-3, Fri 9-12",3
377,40.7522,-73.9965,"Sun 12-3, Wed 12-3, Sat 12-3",4
378,36.4,-85.7,"Thu 12-3, Sun 3-6",3
379,37.91,-90.71,"Mon 9-12, Sun 9-12, Sat 12-3",1
380,34.2061,-116.0292,"Thu 3-6, Tue 12-3, Sat 12-3",4
381,35.03,-83.95,"Sun 3-6, Wed 12-3, Mon 3-6",4
382,42.3,-93.4,"Tue 12-3, Tue 9-12, Mon 3-6",2
383,31.5,-83.6,"Sun 9-12, Sun 6-9, Mon 6-9",2
384,43.4,-124.1,"Sun 6-9, Fri 6-9",4
385,40.2,-77.7,"Fri 6-9, Sun 3-6",4
386,45.51,-122.5,"Thu 6-9, Thu 6-9",4
387,NA,NA,"Tue 12-3, Thu 12-3",NA
388,40.93,-73.11,"Sat 3-6, Thu 12-3, Wed 12-3",3
389,40.78,-96.7,"Sat 3-6, Sun 12-3, Mon 12-3",4
390,34.12,-84.01,"Wed 9-12, Fri 12-3, Thu 3-6",2
391,40.05,-85.21,"Sun 6-9, Sat 12-3",4
392,NA,NA,"Mon 6-9, Tue 12-3, Mon 3-6",NA
393,38.1,-76.7,"Sun 3-6, Thu 12-3, Thu 3-6",3
394,42.2,-72.1,"Thu 12-3, Tue 6-9",3
395,39.5,-79.2,"Mon 6-9, Mon 3-6, Thu 12-3",3
396,31.7,-85,"Mon 12-3, Thu 3-6",4
397,27,-80.3,"Wed 3-6, Tue 3-6",4
398,42.3,-88.4,"Thu 9-12, Thu 6-9",4
399,NA,NA,"Tue 12-3, Mon 9-12",NA
400,39.85,-75.84,"Tue 9-12, Tue 3-6",2
401,40.556,-83.953,"Sat 3-6, Sat 12-3, Wed 3-6",4
402,32.5,-90.8,"Wed 9-12, Wed 6-9",2
403,34.4,-88.5,"Thu 6-9, Tue 3-6, Wed 3-6",4
404,44.3,-83.7,"Fri 6-9, Tue 9-12, Sun 6-9",2
405,44.4,-112.1,"Sat 12-3, Tue 3-6",4
406,38.39,-111.59,"Sun 6-9, Sun 6-9",2
407,33.7,-86.9,"Mon 9-12, Sat 6-9",1
408,33,-84.4,"Fri 6-9, Fri 12-3",4
409,33.1,-101.2,"Sun 12-3, Sun 12-3",4
410,45.3,-87.6,"Thu 6-9, Sat 3-6",4
411,43.3,-76,"Thu 6-9, Mon 3-6",4
412,NA,NA,"Wed 12-3, Mon 9-12, Thu 3-6",NA
413,40.5,-95.8,"Wed 3-6, Thu 9-12, Sat 12-3",4
414,38.64,-90.66,"Tue 9-12, Thu 3-6",2
415,39.99,-84.42,"Sun 9-12, Tue 3-6, Sun 6-9",4
416,29.46,-98.49,"Tue 12-3, Thu 6-9",4
417,44.7,-83.4,"Sat 6-9, Thu 12-3",3
418,NA,NA,"Fri 12-3, Mon 12-3, Sat 9-12",NA
419,37.3,-85,"Tue 3-6, Wed 9-12, Sun 6-9",2
420,28.87,-81.9,"Fri 3-6, Tue 3-6, Mon 12-3",4
421,32.3,-99.9,"Tue 6-9, Mon 12-3, Thu 9-12",4
422,NA,NA,"Wed 12-3, Sat 6-9",NA
423,40.4,-96.7,"Sat 9-12, Thu 9-12",2
424,44.12,-71.14,"Sat 3-6, Mon 12-3, Tue 9-12",2
425,33.61,-111.89,"Tue 9-12, Tue 12-3",2
426,39.48,-82.32,"Sun 3-6, Tue 12-3",4
427,39.285,-106.065,"Sun 9-12, Mon 9-12",1
428,43.3,-112,"Sat 9-12, Sun 3-6",4
429,40.86,-74.07,"Tue 12-3, Tue 12-3",4
430,40.5,-77.1,"Sat 6-9, Thu 12-3, Fri 12-3",3
431,NA,NA,"Mon 6-9, Thu 3-6, Sat 6-9",NA
432,39.16,-77.6,"Wed 12-3, Wed 12-3",2
433,43.001,-78.793,"Mon 6-9, Tue 9-12, Sun 12-3",2
434,41.397,-96.209,"Mon 3-6, Wed 9-12",2
435,41.34,-73.23,"Mon 9-12, Fri 6-9",1
436,NA,NA,"Wed 6-9, Thu 3-6, Sat 3-6",NA
437,NA,NA,"Wed 3-6, Sun 6-9",NA
438,34.451,-90.478,"Mon 12-3, Sun 6-9",4
439,40.162,-81.132,"Tue 6-9, Fri 3-6, Sat 12-3",4
440,31.8,-96,"Wed 12-3, Fri 3-6, Wed 12-3",2
441,33.82,-117.81,"Wed 6-9, Sat 9-12",4
442,NA,NA,"Thu 12-3, Sun 12-3",NA
443,NA,NA,"Sat 6-9, Wed 12-3",NA
444,39.4,-105.3,"Mon 6-9, Thu 12-3, Sat 12-3",3
445,41.7,-94.8,"Wed 3-6, Thu 12-3",3
446,42.9,-92,"Thu 12-3, Wed 6-9",3
447,42.84,-73.6,"Fri 12-3, Fri 6-9",4
448,42.48,-77.89,"Wed 12-3, Mon 6-9",2
449,25.95,-80.28,"Sun 3-6, Sat 6-9, Tue 3-6",4
450,43.6,-85.3,"Fri 6-9, Mon 9-12",1
451,41.12,-75.43,"Thu 12-3, Thu 3-6, Sun 6-9",3
452,40.67,-73.64,"Sat 9-12, Mon 6-9",4
453,35.2,-95.1,"Sat 12-3, Tue 6-9, Thu 3-6",4
454,NA,NA,"Fri 9-12, Thu 9-12",NA
455,46.9,-123.3,"Fri 6-9, Tue 3-6",4
456,41.5,-88.04,"Fri 3-6, Mon 3-6",2
457,NA,NA,"Wed 9-12, Mon 12-3",NA
458,68,-163,"Thu 9-12, Thu 12-3",3
459,42.46,-71.22,"Wed 9-12, Mon 6-9, Sun 9-12",2
460,42,-89.6,"Sat 6-9, Wed 6-9, Mon 3-6",2
461,NA,NA,"Wed 3-6, Sun 12-3",NA
462,42.18,-72.37,"Tue 6-9, Sat 3-6",4
463,38.2,-121.2,"Mon 12-3, Mon 12-3",4
464,36.3,-96.8,"Mon 9-12, Sun 12-3",1
465,42.99,-77.32,"Wed 12-3, Tue 9-12, Wed 6-9",2
466,NA,NA,"Thu 6-9, Tue 3-6, Thu 3-6",NA
467,NA,NA,"Fri 9-12, Sun 12-3",NA
468,40.21,-76.87,"Thu 6-9, Fri 9-12",4
469,46.6,-122.7,"Wed 9-12, Sat 6-9, Fri 12-3",2
470,NA,NA,"Sun 9-12, Tue 9-12",NA
471,33.8,-94.8,"Fri 12-3, Fri 12-3, Sat 6-9",4
472,34.8,-77.7,"Wed 3-6, Mon 12-3",4
473,37.03,-121.98,"Sat 12-3, Tue 12-3",4
474,40.66,-96.65,"Thu 12-3, Fri 12-3",3
475,42.1,-94.7,"Sun 6-9, Sun 3-6, Sun 6-9",4
476,36,-83.8,"Thu 9-12, Thu 12-3",3
477,NA,NA,"Sat 6-9, Wed 3-6, Wed 3-6",NA
478,35.58,-105.2,"Thu 6-9, Mon 6-9, Thu 9-12",4
479,NA,NA,"Thu 12-3, Tue 3-6, Wed 6-9",NA
480,39,-90.8,"Wed 6-9, Thu 9-12, Sun 9-12",4
481,NA,NA,"Wed 12-3, Sun 6-9, Wed 9-12",NA
482,29.7,-95.9,"Wed 3-6, Sun 9-12, Wed 3-6",4
483,37.05,-95.21,"Wed 3-6, Sun 12-3, Fri 9-12",4
484,38.7,-92.3,"Thu 12-3, Tue 6-9, Sun 3-6",3
485,39.71,-75.73,"Mon 12-3, Thu 6-9, Fri 3-6",4
486,39.2,-104.1,"Wed 9-12, Thu 3-6, Fri 12-3",2
487,NA,NA,"Sun 3-6, Tue 6-9, Wed 6-9",NA
488,40.03,-74.68,"Fri 3-6, Fri 6-9, Fri 12-3",4
489,41.6,-73.4,"Sat 6-9, Thu 9-12, Fri 3-6",4
490,35.3,-77.5,"Fri 6-9, Sat 6-9, Mon 12-3",4
491,40.26,-80.64,"Mon 12-3, Wed 9-12",2
492,46.6,-112.6,"Tue 12-3, Sat 6-9, Mon 12-3",2
493,37.4,-110.4,"Thu 12-3, Sun 12-3",3
494,37.57,-121.99,"Sun 3-6, Mon 6-9",4
495,37.3,-88.1,"Tue 6-9, Wed 3-6, Sun 6-9",4
496,43.1,-92.2,"Thu 9-12, Sat 12-3, Thu 6-9",4
497,44.1,-115.9,"Fri 6-9, Mon 12-3, Sun 3-6",4
498,46.757,-118.15,"Sat 12-3, Thu 6-9, Wed 9-12",2
499,NA,NA,"Sat 3-6, Sun 3-6, Thu 12-3",NA
500,41.53,-93.58,"Fri 3-6, Fri 9-12, Fri 12-3",4
501,NA,NA,"Mon 12-3, Mon 3-6, Wed 3-6",NA
502,NA,NA,"Tue 12-3, Wed 3-6, Mon 9-12",NA
503,NA,NA,"Tue 12-3, Wed 12-3, Fri 12-3",NA
504,34.2,-81.5,"Tue 12-3, Mon 12-3, Sat 12-3",4
505,NA,NA,"Mon 3-6, Wed 6-9",NA
506,41.95,-88.1,"Thu 9-12, Tue 6-9",4
507,42.8,-94.7,"Mon 12-3, Sun 12-3",4
508,NA,NA,"Tue 3-6, Mon 3-6",NA
509,30.43,-84.26,"Sun 9-12, Sat 9-12, Tue 6-9",4
510,NA,NA,"Sat 6-9, Sun 3-6",NA
511,NA,NA,"Mon 12-3, Tue 6-9",NA
512,NA,NA,"Sun 3-6, Fri 9-12, Wed 9-12",NA
513,41.49,-81.67,"Fri 3-6, Tue 12-3, Thu 12-3",3
514,18.32,-66.97,"Sun 6-9, Sun 9-12, Sat 6-9",4
515,29.6,-90.1,"Mon 6-9, Tue 3-6, Sat 12-3",2
516,39.61,-104.96,"Sat 3-6, Thu 3-6, Tue 9-12",2
517,NA,NA,"Tue 6-9, Sun 9-12",NA
518,41,-100.4,"Sun 9-12, Wed 6-9",4
519,37.83,-81.44,"Fri 6-9, Sun 9-12",4
520,NA,NA,"Sun 3-6, Fri 3-6",NA
521,35.8,-76.5,"Sun 3-6, Fri 9-12, Wed 12-3",4
522,39.09,-82.15,"Mon 6-9, Wed 12-3",4
523,33.2,-94.1,"Tue 9-12, Wed 12-3",2
524,22.1,-159.6,"Wed 6-9, Fri 3-6",4
525,26.7,-82,"Wed 12-3, Tue 6-9",4
526,44.03,-75.86,"Mon 9-12, Wed 9-12",1
527,40.5,-106.9,"Thu 3-6, Wed 9-12, Fri 12-3",2
528,31.3,-96.8,"Tue 6-9, Sat 9-12, Sun 6-9",4
529,42.3,-94.9,"Sat 12-3, Sun 12-3",4
530,NA,NA,"Fri 9-12, Tue 9-12, Tue 3-6",NA
531,NA,NA,"Sun 3-6, Mon 9-12",NA
532,33.9,-103.2,"Sun 9-12, Sun 9-12",4
533,36.58,-82.57,"Sun 3-6, Thu 9-12",4
534,44.4,-89.5,"Wed 3-6, Tue 9-12",2
535,40.3,-81.5,"Thu 3-6, Sat 6-9, Thu 3-6",4
536,44.4,-94.8,"Mon 9-12, Sat 9-12",1
537,NA,NA,"Sun 12-3, Fri 3-6, Sat 6-9",NA
538,41.2,-77,"Sat 9-12, Fri 9-12, Sat 12-3",4
539,37.91,-81.263,"Thu 6-9, Wed 12-3",4
540,38.2,-83.4,"Fri 9-12, Sat 6-9, Wed 3-6",4
541,32.8,-102.5,"Sun 9-12, Sun 9-12, Tue 12-3",4
542,35.26,-118.91,"Wed 6-9, Tue 6-9, Tue 9-12",2
543,NA,NA,"Tue 3-6, Fri 6-9",NA
544,NA,NA,"Tue 9-12, Sat 12-3",NA
545,38.97,-94.71,"Tue 9-12, Tue 6-9, Sun 9-12",2
546,NA,NA,"Fri 6-9, Tue 9-12, Sat 9-12",NA
547,38.71,-90.3,"Wed 6-9, Fri 12-3, Fri 6-9",4
548,48,-118.2,"Wed 6-9, Fri 3-6, Sun 9-12",4
549,46.12,-67.97,"Sun 3-6, Sat 3-6",2
550,34.6,-118.7,"Fri 3-6, Sat 9-12",4
551,43,-115.2,"Sun 9-12, Tue 9-12",2
552,40.7,-93.7,"Sun 12-3, Thu 12-3",3
553,35.171,-107.892,"Thu 6-9, Tue 12-3",4
554,36.1,-78.5,"Sun 9-12, Sat 6-9",4
555,40,-91.1,"Thu 9-12, Fri 3-6",4
556,39,-87.1,"Tue 12-3, Thu 3-6",2
557,41.54,-97.49,"Sat 12-3, Tue 3-6, Sat 6-9",4
558,63,-164.4,"Sun 6-9, Wed 3-6, Mon 6-9",4
559,43.07,-89.42,"Fri 9-12, Mon 12-3",4
560,43.7,-87.9,"Wed 6-9, Tue 12-3, Mon 12-3",4
561,41.04,-85.15,"Sat 9-12, Sun 12-3, Sat 6-9",4
562,41.17,-86.02,"Wed 3-6, Mon 6-9, Wed 12-3",4
563,33.74,-117.76,"Sat 3-6, Sun 9-12, Sat 3-6",4
564,48.3,-101.5,"Mon 12-3, Sun 6-9",4
565,NA,NA,"Sun 6-9, Thu 12-3, Fri 6-9",NA
566,33.4,-82.17,"Mon 12-3, Sat 3-6",2
567,44.41,-70.22,"Thu 6-9, Fri 9-12, Thu 12-3",3
568,NA,NA,"Fri 12-3, Tue 6-9, Fri 6-9",NA
569,39.35,-82.5,"Wed 9-12, Sun 3-6, Mon 6-9",2
570,38.5,-121.27,"Fri 9-12, Fri 3-6",4
571,41.3,-73.76,"Tue 3-6, Tue 3-6",4
572,34.2,-120,"Sun 12-3, Thu 9-12",4
573,42.8,-77.5,"Thu 6-9, Thu 9-12",4
574,41.57,-83.76,"Fri 6-9, Thu 3-6, Fri 9-12",4
575,41.2,-91.8,"Sun 6-9, Fri 9-12",2
576,NA,NA,"Tue 12-3, Mon 3-6, Mon 9-12",NA
577,44.8,-83.5,"Mon 6-9, Mon 3-6, Fri 9-12",4
578,NA,NA,"Tue 9-12, Sat 6-9",NA
579,41.6,-108,"Sun 12-3, Mon 9-12",1
580,41.86,-74.1,"Sun 6-9, Sat 3-6, Thu 6-9",4
581,NA,NA,"Tue 3-6, Mon 9-12, Wed 12-3",NA
582,41.49,-81.67,"Thu 6-9, Mon 3-6, Mon 9-12",1
583,41.98,-71.86,"Mon 3-6, Sun 12-3",4
584,40.87,-73.53,"Sun 12-3, Fri 3-6, Tue 12-3",4
585,42.9,-92,"Tue 9-12, Wed 3-6, Wed 9-12",2
586,35.9,-79.2,"Wed 12-3, Sun 3-6, Fri 3-6",4
587,41.99,-87.7,"Sat 6-9, Tue 6-9, Mon 6-9",4
588,NA,NA,"Thu 12-3, Fri 6-9, Sun 12-3",NA
589,38.33,-76.08,"Sat 9-12, Mon 9-12, Tue 3-6",1
590,40.4,-87.7,"Mon 9-12, Wed 9-12",1
591,NA,NA,"Thu 9-12, Fri 6-9, Wed 3-6",NA
592,45,-90.4,"Fri 6-9, Sat 12-3",4
593,NA,NA,"Sun 12-3, Mon 9-12, Sun 9-12",NA
594,32.65,-97.02,"Fri 3-6, Tue 3-6, Sat 9-12",4
595,31.1,-86.4,"Sun 3-6, Sun 12-3",2
596,44.6,-73.2,"Fri 3-6, Sun 9-12, Thu 9-12",4
597,29.47,-98.61,"Thu 3-6, Sun 12-3",4
598,47.2,-111.7,"Sat 9-12, Mon 3-6",4
599,44.491,-84.779,"Sun 6-9, Sat 3-6",4
600,41.6,-81.2,"Wed 6-9, Sun 3-6, Tue 3-6",4
601,40.73,-74.59,"Fri 6-9, Sat 12-3, Mon 3-6",4
602,38.95,-90.33,"Wed 9-12, Wed 9-12, Fri 6-9",2
603,40.24,-79.79,"Sat 12-3, Wed 12-3",4
604,26.79,-80.62,"Sat 12-3, Sun 3-6, Thu 6-9",4
605,42.25,-74.53,"Sun 9-12, Sun 3-6",4
606,40.17,-92.26,"Tue 12-3, Sun 9-12",4
607,40.1,-121.3,"Thu 9-12, Thu 9-12, Sun 3-6",2
608,40.47,-80.94,"Fri 6-9, Tue 9-12",2
609,38.71,-90.3,"Thu 6-9, Mon 6-9, Mon 9-12",1
610,NA,NA,"Wed 6-9, Sun 3-6, Thu 6-9",NA
611,NA,NA,"Tue 9-12, Wed 9-12, Thu 3-6",NA
612,41.6,-98.9,"Sun 9-12, Wed 6-9, Sun 9-12",4
613,44.9,-98.6,"Wed 12-3, Fri 6-9",4
614,44.79,-104.43,"Tue 12-3, Tue 9-12",2
615,37.3,-80.1,"Sat 9-12, Mon 6-9",4
616,NA,NA,"Mon 6-9, Sun 6-9",NA
617,41.69,-87.62,"Sun 6-9, Fri 6-9, Mon 3-6",4
618,37.3,-90,"Thu 9-12, Sat 3-6",4
619,41.54,-81.61,"Mon 6-9, Mon 9-12, Wed 9-12",1
620,NA,NA,"Tue 6-9, Fri 6-9, Wed 12-3",NA
621,35.46,-90.19,"Sat 9-12, Sat 3-6",4
622,32.6,-91.8,"Sat 3-6, Sat 9-12, Mon 12-3",4
623,42.25,-74.53,"Fri 6-9, Tue 3-6",4
624,42.7,-74.9,"Wed 3-6, Fri 3-6",2
625,45.02,-93.03,"Fri 12-3, Wed 12-3",4
626,31.5,-92.6,"Thu 3-6, Mon 6-9",4
627,39,-87.6,"Thu 9-12, Mon 12-3, Sun 9-12",4
628,38.65,-77.08,"Tue 6-9, Mon 3-6, Mon 3-6",4
629,NA,NA,"Sun 6-9, Wed 12-3, Wed 9-12",NA
630,40.3,-97.2,"Mon 3-6, Sat 12-3",2
631,NA,NA,"Fri 12-3, Sat 6-9",NA
632,45.5,-95.1,"Fri 12-3, Fri 9-12",2
633,31.52,-97.15,"Fri 12-3, Wed 6-9, Mon 6-9",4
634,NA,NA,"Wed 3-6, Sat 9-12, Tue 6-9",NA
635,34.8,-85.5,"Fri 6-9, Sat 3-6",4
636,NA,NA,"Wed 6-9, Thu 3-6",NA
637,43.45,-89.94,"Sat 12-3, Thu 12-3, Thu 9-12",3
638,NA,NA,"Sun 12-3, Thu 6-9, Mon 12-3",NA
639,35.6,-79,"Tue 6-9, Sun 3-6",4
640,45.2,-111.9,"Sun 3-6, Sat 9-12, Sun 12-3",4
641,31.1,-84,"Fri 12-3, Fri 3-6",4
642,38.4,-97.9,"Wed 9-12, Mon 9-12",1
643,NA,NA,"Sun 3-6, Sun 9-12",NA
644,37.73,-122.46,"Mon 3-6, Fri 6-9, Sun 9-12",4
645,NA,NA,"Sat 9-12, Thu 9-12, Tue 3-6",NA
646,41.76,-72.73,"Mon 6-9, Mon 12-3",4
647,37.9,-82,"Fri 12-3, Sat 9-12",2
648,42.34,-88.06,"Thu 12-3, Tue 9-12, Thu 12-3",3
649,38,-121.81,"Sat 9-12, Wed 12-3",4
650,18.01,-66.14,"Fri 6-9, Sat 12-3",4
651,37.8,-81.7,"Sat 3-6, Fri 9-12, Sat 6-9",4
652,36.5,-95.7,"Sun 3-6, Mon 6-9",4
653,NA,NA,"Tue 6-9, Sat 9-12",NA
654,NA,NA,"Thu 3-6, Mon 6-9, Fri 12-3",NA
655,39.84,-84.11,"Sun 3-6, Thu 12-3",3
656,43.27,-96.98,"Tue 9-12, Tue 12-3",2
657,NA,NA,"Thu 3-6, Wed 3-6",NA
658,NA,NA,"Tue 6-9, Mon 12-3, Wed 3-6",NA
659,36.62,-95.93,"Fri 6-9, Wed 9-12",2
660,31.5,-110.3,"Fri 12-3, Sun 6-9",4
661,40.6,-74.01,"Mon 12-3, Thu 12-3, Fri 3-6",3
662,34.78,-92.34,"Sat 12-3, Fri 3-6, Tue 9-12",2
663,34.15,-118.43,"Tue 9-12, Tue 6-9",2
664,45.5,-98.5,"Fri 9-12, Fri 3-6",4
665,28.6,-97.5,"Wed 9-12, Wed 9-12",2
666,40.4,-77.7,"Sat 3-6, Sat 12-3, Wed 3-6",4
667,NA,NA,"Sun 3-6, Mon 9-12, Thu 12-3",NA
668,41.6,-72.88,"Sun 12-3, Sun 6-9",4
669,38.59,-75.94,"Wed 3-6, Thu 12-3, Mon 3-6",3
670,60.5,-164.8,"Tue 9-12, Tue 9-12",2
671,34.83,-86.27,"Tue 12-3, Sat 3-6",4
672,29.7,-97.5,"Sun 3-6, Sat 3-6",4
673,35.87,-87.66,"Wed 6-9, Wed 9-12",2
674,40.7082,-74.0104,"Sun 6-9, Mon 12-3, Sat 9-12",4
675,NA,NA,"Thu 3-6, Mon 3-6, Wed 6-9",NA
676,39.91,-75.33,"Mon 6-9, Sat 12-3, Tue 6-9",4
677,39.371,-80.317,"Mon 12-3, Thu 12-3",3
678,59.6,-135.4,"Fri 6-9, Wed 6-9, Wed 3-6",4
679,40,-91.1,"Fri 12-3, Mon 6-9, Sat 12-3",4
680,47.5,-122.6,"Tue 3-6, Tue 12-3",4
681,NA,NA,"Thu 9-12, Fri 9-12",NA
682,42.7,-86.1,"Thu 3-6, Thu 6-9, Wed 3-6",4
683,NA,NA,"Mon 6-9, Mon 12-3, Thu 12-3",NA
684,32.77,-96.69,"Mon 3-6, Mon 3-6, Thu 9-12",4
685,42.66,-75.77,"Mon 9-12, Thu 3-6",1
686,41.44,-81.92,"Sun 6-9, Thu 9-12",4
687,35.73,-98.37,"Sat 9-12, Thu 3-6, Mon 9-12",1
688,NA,NA,"Thu 6-9, Wed 9-12, Sat 6-9",NA
689,36.6,-98.8,"Sun 9-12, Tue 9-12",2
690,48.6,-101.4,"Sun 12-3, Mon 6-9, Sat 12-3",4
691,43.3,-99.2,"Wed 9-12, Mon 12-3",2
692,30.82,-91.12,"Thu 3-6, Thu 9-12",4
693,NA,NA,"Sat 12-3, Sat 9-12, Mon 3-6",NA
694,35,-91.1,"Wed 9-12, Mon 9-12, Mon 9-12",1
695,41.6,-77.2,"Tue 3-6, Wed 3-6, Wed 9-12",2
696,48.5,-102,"Fri 9-12, Sun 6-9, Sun 6-9",4
697,NA,NA,"Wed 9-12, Sun 3-6, Mon 12-3",NA
698,29.5,-97.2,"Thu 6-9, Tue 6-9, Fri 3-6",4
699,NA,NA,"Mon 9-12, Sun 12-3, Mon 12-3",NA
700,NA,NA,"Sun 9-12, Wed 9-12",NA
701,NA,NA,"Wed 12-3, Mon 12-3, Fri 3-6",NA
702,47.1,-97,"Tue 3-6, Sun 12-3, Fri 9-12",4
703,42.3,-85.62,"Sun 3-6, Thu 3-6, Wed 9-12",2
704,28.02,-82.13,"Sat 9-12, Tue 9-12",2
705,39,-88,"Wed 9-12, Fri 3-6",2
706,36.5,-105.5,"Tue 12-3, Sun 12-3",2
707,40.94,-76.16,"Sat 9-12, Sat 12-3, Fri 3-6",4
708,41.11,-80.45,"Fri 3-6, Fri 6-9",4
709,26.21,-80.27,"Sat 12-3, Sun 12-3",4
710,36.9,-94.7,"Fri 12-3, Mon 9-12, Tue 3-6",1
711,37.5,-90.3,"Tue 3-6, Sun 3-6",4
712,NA,NA,"Thu 9-12, Sat 6-9, Fri 3-6",NA
713,NA,NA,"Tue 6-9, Sat 3-6",NA
714,NA,NA,"Wed 9-12, Thu 9-12, Thu 12-3",NA
715,38.2,-122.9,"Thu 3-6, Thu 9-12, Mon 9-12",1
716,63.75,-171.69,"Wed 9-12, Fri 12-3",2
717,28.58,-81.4,"Fri 6-9, Mon 6-9",4
718,37.71,-83.89,"Fri 3-6, Thu 3-6",4
719,37.41,-77.78,"Fri 12-3, Fri 3-6",4
720,28.01,-82.78,"Mon 6-9, Fri 12-3",4
721,NA,NA,"Sat 9-12, Mon 3-6, Tue 3-6",NA
722,39.08,-84.45,"Wed 9-12, Tue 9-12, Wed 9-12",2
723,41.71,-74.57,"Tue 6-9, Fri 6-9, Sun 6-9",4
724,41.77,-72.68,"Sat 6-9, Thu 3-6",2
725,41.4,-76.9,"Fri 12-3, Thu 3-6",2
726,NA,NA,"Fri 9-12, Fri 12-3, Sun 6-9",NA
727,35.01,-80.94,"Mon 6-9, Wed 6-9, Mon 3-6",2
728,38.8,-85.6,"Sat 3-6, Wed 3-6",4
729,36.7,-80.53,"Fri 9-12, Wed 6-9, Fri 9-12",4
730,NA,NA,"Wed 9-12, Tue 6-9, Wed 3-6",NA
731,41.44,-89.23,"Mon 3-6, Fri 9-12, Fri 12-3",4
732,43.4,-121.7,"Sun 6-9, Thu 12-3, Thu 3-6",3
733,NA,NA,"Mon 12-3, Tue 3-6, Sat 9-12",NA
734,40.8,-91.1,"Fri 6-9, Wed 9-12",2
735,34.1,-80.4,"Sat 6-9, Mon 12-3, Tue 9-12",2
736,31.8,-98.4,"Sat 3-6, Fri 12-3",2
737,29.995,-91.024,"Fri 12-3, Sun 6-9",2
738,NA,NA,"Sat 6-9, Sat 6-9",NA
739,39.82,-85.52,"Mon 6-9, Sat 9-12",4
740,41.9,-70.9,"Wed 6-9, Thu 9-12",4
741,39.7,-102.4,"Tue 12-3, Tue 3-6",4
742,38.6,-109.4,"Sat 9-12, Sat 12-3",4
743,40.86,-79.74,"Tue 3-6, Thu 9-12, Thu 3-6",4
744,37.76,-119.09,"Thu 9-12, Thu 12-3, Tue 6-9",3
745,39.63,-98.86,"Sun 12-3, Sun 3-6",4
746,37.77,-89.03,"Wed 9-12, Thu 6-9",2
747,42.9,-85.2,"Sun 9-12, Mon 3-6",4
748,39.4,-89.4,"Sat 12-3, Tue 12-3, Wed 9-12",2
749,NA,NA,"Sun 9-12, Fri 9-12, Sat 3-6",NA
750,45.2,-89,"Thu 9-12, Sun 6-9",2
751,35.79,-104.92,"Thu 6-9, Wed 12-3",4
752,30.5,-86.9,"Sun 3-6, Sat 6-9, Thu 12-3",3
753,29.7,-81.7,"Sat 9-12, Thu 6-9, Mon 6-9",4
754,40.52,-79.35,"Thu 9-12, Wed 9-12, Thu 3-6",2
755,42.98,-77.42,"Wed 9-12, Sun 12-3",2
756,37.09,-83.37,"Fri 9-12, Fri 3-6, Fri 12-3",2
757,43.3,-101,"Thu 12-3, Thu 6-9",3
758,40.76,-76.055,"Tue 9-12, Fri 9-12, Sat 6-9",2
759,43.4,-96.2,"Thu 3-6, Sat 3-6",4
760,36.78,-83.61,"Wed 3-6, Wed 3-6, Fri 12-3",2
761,45.8,-91.3,"Sat 3-6, Sat 6-9",4
762,25.75,-80.2,"Fri 3-6, Wed 3-6",4
763,41.23,-84.87,"Mon 6-9, Thu 12-3",3
764,NA,NA,"Sat 6-9, Sat 6-9, Fri 9-12",NA
765,40.4,-76.3,"Fri 3-6, Thu 12-3",3
766,33.85,-83.25,"Wed 3-6, Thu 9-12",4
767,NA,NA,"Thu 3-6, Tue 9-12",NA
768,36.6,-93.3,"Wed 6-9, Sat 12-3",2
769,33.87,-117.93,"Sun 9-12, Wed 6-9, Wed 9-12",2
770,34.36,-90.64,"Fri 3-6, Thu 9-12, Thu 12-3",3
771,29.68,-98.4,"Mon 12-3, Tue 6-9, Wed 12-3",4
772,26.1,-97.3,"Sat 12-3, Wed 3-6",4
773,38.35,-76.57,"Tue 6-9, Mon 3-6",4
774,NA,NA,"Sat 9-12, Mon 9-12, Sun 12-3",NA
775,38.6,-85.6,"Sat 9-12, Fri 12-3",4
776,26.4,-98.1,"Thu 9-12, Sun 12-3, Mon 12-3",4
777,34.03,-118.49,"Wed 12-3, Wed 9-12, Fri 3-6",2
778,NA,NA,"Sat 3-6, Thu 3-6, Wed 3-6",NA
779,33.8,-86,"Sat 9-12, Fri 3-6",4
780,42.1,-85,"Sun 6-9, Fri 12-3",4
781,NA,NA,"Tue 9-12, Sat 3-6",NA
782,40.03,-85.51,"Sun 12-3, Tue 6-9",4
783,46.27,-119.9,"Tue 12-3, Thu 3-6",4
784,46.659,-96.751,"Wed 6-9, Sun 6-9, Sat 6-9",2
785,NA,NA,"Tue 9-12, Wed 3-6, Sat 6-9",NA
786,41.43,-82.13,"Sat 12-3, Tue 6-9",4
787,39.1,-111.9,"Sat 12-3, Sun 12-3",4
788,NA,NA,"Wed 3-6, Wed 12-3",NA
789,44.8,-74.8,"Mon 9-12, Fri 9-12, Thu 12-3",1
790,44.63,-70.22,"Thu 3-6, Mon 6-9",4
791,NA,NA,"Sun 6-9, Sun 3-6, Thu 9-12",NA
792,40.09,-77.41,"Tue 6-9, Wed 3-6",4
793,40.091,-79.587,"Wed 3-6, Thu 12-3, Thu 6-9",3
794,33.55,-85.4,"Sat 3-6, Wed 9-12, Tue 9-12",2
795,43.41,-84.02,"Mon 3-6, Sun 6-9",2
796,NA,NA,"Fri 9-12, Mon 6-9, Thu 12-3",NA
797,41.21,-96.19,"Sat 12-3, Sun 6-9, Wed 3-6",4
798,46.6,-91.6,"Thu 12-3, Sun 9-12, Sun 6-9",3
799,46.3,-91.1,"Mon 6-9, Mon 9-12, Tue 12-3",1
800,38.4,-108.9,"Fri 12-3, Sun 6-9, Sun 6-9",4
801,35.99,-86.91,"Tue 3-6, Fri 12-3, Sun 9-12",4
802,NA,NA,"Sat 9-12, Tue 9-12",NA
803,37.4,-79.4,"Mon 12-3, Fri 9-12",4
804,31.1,-85.2,"Mon 9-12, Wed 9-12",1
805,44,-97,"Wed 12-3, Thu 9-12",4
806,NA,NA,"Fri 12-3, Fri 6-9, Fri 9-12",NA
807,39.15,-76.92,"Sat 12-3, Wed 9-12, Tue 3-6",2
808,39.26,-76.8,"Mon 6-9, Sun 6-9, Thu 9-12",2
809,44.7,-118.6,"Fri 6-9, Mon 12-3",4
810,41.95,-84.77,"Sat 9-12, Tue 12-3",2
811,32.72,-97.27,"Wed 12-3, Wed 9-12",2
812,45.9,-108.5,"Wed 9-12, Fri 9-12, Wed 6-9",2
813,32.6,-81.5,"Thu 3-6, Sat 6-9, Sun 9-12",4
814,37.51,-82.81,"Sun 6-9, Sat 9-12, Wed 9-12",2
815,42.25,-77.8,"Tue 9-12, Sun 6-9",2
816,39.7,-78.2,"Sat 6-9, Sat 6-9, Tue 6-9",4
817,42.68,-73.79,"Thu 12-3, Tue 6-9, Mon 9-12",1
818,42.57,-70.86,"Sat 12-3, Sun 12-3, Sat 12-3",4
819,39.7,-83.8,"Thu 9-12, Tue 6-9, Tue 3-6",2
820,40.5,-76.8,"Thu 3-6, Fri 12-3",2
821,40.1,-75.11,"Fri 9-12, Fri 12-3",4
822,NA,NA,"Thu 3-6, Sun 9-12",NA
823,NA,NA,"Sun 12-3, Mon 3-6, Tue 12-3",NA
824,38.6,-76.9,"Mon 9-12, Sun 3-6, Mon 12-3",1
825,41.31,-81.81,"Wed 3-6, Sat 3-6, Thu 3-6",2
826,41,-84.6,"Thu 9-12, Fri 6-9",2
827,45.56,-122.55,"Wed 9-12, Thu 3-6, Fri 12-3",2
828,46,-93.9,"Fri 6-9, Mon 3-6, Tue 6-9",4
829,40,-110.1,"Sun 12-3, Tue 9-12",2
830,43.095,-79.056,"Mon 6-9, Mon 3-6",4
831,41.7,-70,"Sat 9-12, Thu 9-12, Sun 12-3",4
832,NA,NA,"Mon 6-9, Tue 12-3, Fri 9-12",NA
833,43.33,-78.04,"Thu 12-3, Fri 12-3, Sat 3-6",3
834,37.25,-82.74,"Sat 3-6, Sun 12-3, Thu 3-6",2
835,41.06,-83.3,"Mon 12-3, Sat 3-6, Sun 6-9",4
836,42.36,-71.13,"Sat 12-3, Sat 6-9",2
837,44.69,-69.39,"Wed 6-9, Thu 6-9",2
838,NA,NA,"Fri 9-12, Sun 3-6, Sat 6-9",NA
839,35.5,-83.1,"Sun 6-9, Thu 12-3",3
840,40.45,-79.93,"Wed 3-6, Tue 12-3",2
841,38.25,-78.39,"Thu 3-6, Wed 12-3",4
842,NA,NA,"Mon 3-6, Mon 3-6, Mon 6-9",NA
843,32,-94,"Fri 9-12, Tue 3-6",2
844,NA,NA,"Thu 3-6, Fri 3-6, Wed 6-9",NA
845,37.7,-89.6,"Wed 6-9, Thu 9-12",2
846,38.9,-119.8,"Fri 9-12, Sun 3-6, Wed 9-12",2
847,43.04,-78.78,"Tue 9-12, Fri 12-3, Fri 9-12",2
848,44.491,-84.779,"Sat 6-9, Fri 12-3",4
849,NA,NA,"Thu 3-6, Fri 9-12, Tue 6-9",NA
850,40.64,-73.58,"Mon 3-6, Fri 12-3, Sun 6-9",4
851,41.74,-87.99,"Sun 9-12, Sat 6-9",4
852,30.35,-81.64,"Thu 3-6, Tue 12-3",4
853,37.2,-95.1,"Fri 9-12, Fri 6-9, Wed 6-9",4
854,45.3,-93.3,"Wed 3-6, Thu 9-12, Mon 6-9",4
855,39.3,-96.8,"Sun 6-9, Thu 9-12, Wed 12-3",2
856,37.2,-82.3,"Wed 12-3, Wed 3-6",2
857,41.96,-74.29,"Mon 9-12, Tue 3-6",1
858,39.5,-80.56,"Fri 9-12, Mon 6-9",4
859,33.35,-111.82,"Thu 9-12, Fri 9-12",4
860,36,-78.6,"Fri 12-3, Tue 9-12, Tue 3-6",2
861,47.2,-93.7,"Tue 6-9, Fri 12-3, Fri 9-12",4
862,29.63,-98.62,"Fri 12-3, Mon 9-12",1
863,38.4,-77.4,"Sun 12-3, Mon 9-12",1
864,60.89,-161.19,"Mon 6-9, Fri 12-3, Thu 9-12",4
865,31.21,-85.3,"Tue 6-9, Tue 12-3",4
866,39.33,-75.21,"Fri 3-6, Thu 6-9",4
867,40.68,-73.7,"Fri 12-3, Tue 12-3, Wed 9-12",2
868,42.2,-110.3,"Fri 12-3, Thu 3-6, Sat 6-9",2
869,41.6,-111.9,"Sat 6-9, Wed 3-6",4
870,47.75,-122.06,"Thu 12-3, Thu 12-3, Tue 9-12",3
871,36.62,-81.59,"Wed 6-9, Thu 3-6",4
872,33.62,-111.95,"Mon 12-3, Sat 12-3",4
873,42.55,-73.92,"Sat 9-12, Fri 12-3, Tue 9-12",2
874,42.3,-90.6,"Fri 3-6, Mon 9-12",1
875,35.6,-77.6,"Sun 12-3, Mon 12-3",4
876,NA,NA,"Mon 9-12, Sun 3-6, Sat 3-6",NA
877,37.7,-121.09,"Sun 9-12, Fri 3-6",4
878,33.767,-118.192,"Wed 9-12, Sun 9-12, Tue 3-6",2
879,45.5,-97.8,"Tue 9-12, Sat 9-12",2
880,33.3,-87.3,"Sat 12-3, Sun 3-6, Fri 9-12",4
881,NA,NA,"Tue 3-6, Tue 12-3, Fri 3-6",NA
882,32.7,-80.8,"Sat 12-3, Tue 12-3",4
883,39.5,-80.9,"Fri 9-12, Sun 6-9, Fri 12-3",4
884,42.33,-83.2,"Sun 9-12, Sat 3-6",4
885,NA,NA,"Thu 9-12, Tue 12-3",NA
886,39.8,-82.8,"Wed 6-9, Sat 3-6, Fri 3-6",4
887,34.99,-81.82,"Fri 3-6, Mon 3-6, Thu 12-3",3
888,38.4,-98.6,"Sat 9-12, Thu 12-3",3
889,44.6,-95.7,"Mon 6-9, Mon 3-6",4
890,30.64,-88.07,"Wed 3-6, Fri 12-3, Sun 9-12",4
891,NA,NA,"Wed 3-6, Thu 9-12, Sat 3-6",NA
892,36.8,-119.4,"Sun 6-9, Sat 9-12, Sun 3-6",4
893,NA,NA,"Sat 3-6, Sat 12-3",NA
894,41.1,-88.4,"Sun 3-6, Sat 6-9",4
895,36.15,-86.9,"Sun 12-3, Thu 9-12",4
896,39.3,-93.8,"Mon 6-9, Mon 12-3, Tue 3-6",4
897,35.1,-118.8,"Sun 9-12, Sat 3-6",4
898,NA,NA,"Sun 9-12, Tue 3-6",NA
899,42.2,-73.7,"Sun 6-9, Tue 3-6",2
900,32.9,-85.4,"Sat 3-6, Sat 9-12, Mon 12-3",4
901,38,-94.5,"Wed 6-9, Wed 12-3",4
902,33.19,-87.17,"Fri 3-6, Thu 12-3",3
903,36.4,-85.9,"Wed 9-12, Sat 6-9, Sun 3-6",2
904,40.84,-81.63,"Thu 12-3, Sun 3-6",3
905,42.7,-93.7,"Wed 12-3, Sat 6-9",4
906,18.4,-66.15,"Thu 6-9, Mon 6-9, Sun 9-12",4
907,41.66,-73.05,"Tue 3-6, Fri 12-3, Fri 3-6",4
908,38.7,-80.4,"Wed 9-12, Mon 3-6, Thu 3-6",2
909,39.16,-94.19,"Sun 3-6, Thu 3-6",4
910,27.3,-80.2,"Thu 12-3, Fri 6-9",3
911,37.68,-122.14,"Mon 9-12, Thu 6-9, Mon 12-3",1
912,35.84,-93.77,"Sat 3-6, Mon 6-9",4
913,34.18,-118.43,"Mon 12-3, Sat 9-12",4
914,35.12,-84.39,"Wed 3-6, Fri 6-9, Sun 12-3",4
915,NA,NA,"Mon 3-6, Tue 9-12, Mon 9-12",NA
916,33.9,-92.8,"Fri 3-6, Sun 3-6",4
917,NA,NA,"Tue 3-6, Wed 12-3",NA
918,33.5,-86.4,"Mon 12-3, Mon 9-12, Mon 9-12",1
919,37.47,-75.9,"Tue 9-12, Sun 3-6",2
920,NA,NA,"Fri 12-3, Tue 6-9",NA
921,36.13,-95.87,"Sun 3-6, Tue 9-12",2
922,42.12,-72.64,"Sun 3-6, Fri 12-3",4
923,40.7,-96,"Sat 9-12, Mon 9-12, Wed 9-12",1
924,46.35,-87.02,"Sun 6-9, Fri 3-6",4
925,NA,NA,"Sun 12-3, Wed 9-12",NA
926,38.6,-122,"Thu 12-3, Sat 12-3, Mon 9-12",1
927,39.099,-112.272,"Fri 9-12, Tue 9-12, Thu 9-12",2
928,31.5,-85.6,"Mon 12-3, Tue 12-3",4
929,NA,NA,"Thu 3-6, Wed 9-12, Sun 3-6",NA
930,41.53,-72.7,"Thu 12-3, Sat 9-12, Sat 3-6",3
931,NA,NA,"Mon 9-12, Wed 3-6",NA
932,42.04,-88.1,"Wed 9-12, Tue 3-6",2
933,40.37,-74.9,"Thu 6-9, Tue 9-12",2
934,48.5,-96.9,"Thu 9-12, Fri 12-3",4
935,34.29,-118.44,"Mon 12-3, Thu 6-9",4
936,42.04,-84.46,"Fri 3-6, Sat 3-6, Wed 12-3",4
937,38.84,-83.76,"Sun 9-12, Wed 12-3, Tue 3-6",2
938,29.73,-81.99,"Thu 6-9, Wed 6-9, Fri 9-12",4
939,43.9,-74.6,"Mon 6-9, Thu 9-12",4
940,45.7,-121.2,"Thu 3-6, Tue 6-9, Fri 3-6",4
941,38.1,-79.1,"Tue 6-9, Sun 3-6",4
942,39.3,-83.7,"Fri 3-6, Fri 6-9, Mon 6-9",4
943,38.3,-83.2,"Mon 3-6, Sun 6-9",4
944,42.64,-78.88,"Sun 12-3, Sun 9-12, Mon 6-9",4
945,NA,NA,"Sun 9-12, Tue 12-3, Sun 12-3",NA
946,35.331,-89.873,"Mon 3-6, Mon 12-3",4
947,42.2,-88.8,"Thu 12-3, Tue 6-9, Wed 6-9",3
948,NA,NA,"Wed 6-9, Sun 12-3",NA
949,20.9,-156.3,"Fri 12-3, Thu 3-6, Thu 6-9",4
950,40.88,-76.02,"Sun 6-9, Sat 9-12, Fri 9-12",2
951,42.33,-83.05,"Wed 6-9, Fri 12-3",4
952,42.5,-83.48,"Mon 3-6, Tue 3-6",4
953,39.98,-75.15,"Fri 12-3, Fri 9-12",4
954,40.2,-86.4,"Fri 3-6, Sun 3-6",2
955,44.38,-73.42,"Mon 12-3, Sun 6-9, Wed 9-12",2
956,38.97,-122.64,"Wed 9-12, Sat 12-3",2
957,NA,NA,"Thu 12-3, Sun 9-12",NA
958,36.199,-85.826,"Tue 6-9, Wed 12-3, Sat 6-9",4
959,NA,NA,"Mon 3-6, Thu 6-9",NA
960,41.21,-74.02,"Tue 3-6, Mon 9-12, Thu 9-12",1
961,44.5,-119.2,"Sat 12-3, Wed 12-3, Fri 3-6",2
962,48.6,-107.4,"Thu 12-3, Mon 12-3",3
963,43.4,-84.78,"Mon 12-3, Fri 9-12",2
964,NA,NA,"Mon 12-3, Sun 9-12",NA
965,48.5,-122.6,"Thu 9-12, Sun 9-12",4
966,NA,NA,"Wed 9-12, Fri 6-9, Tue 6-9",NA
967,33.78,-83.57,"Sun 3-6, Fri 3-6, Thu 6-9",4
968,43.2028,-75.7276,"Fri 6-9, Thu 9-12, Fri 12-3",2
969,NA,NA,"Mon 12-3, Mon 6-9",NA
970,38.8,-90.18,"Mon 6-9, Sun 12-3, Fri 12-3",4
971,47.9,-97.2,"Fri 3-6, Thu 6-9, Sun 12-3",4
972,42.7,-77.4,"Sun 6-9, Tue 9-12, Tue 6-9",2
973,NA,NA,"Wed 6-9, Sat 12-3",NA
974,37.13,-120.52,"Sun 12-3, Wed 3-6, Wed 9-12",2
975,NA,NA,"Sun 12-3, Thu 12-3, Wed 6-9",NA
976,NA,NA,"Sun 3-6, Sun 12-3, Sat 9-12",NA
977,27.4,-80.38,"Thu 12-3, Tue 9-12, Wed 6-9",3
978,48.8,-99.5,"Sun 9-12, Mon 9-12",1
979,37.95,-75.59,"Sun 12-3, Fri 12-3, Mon 9-12",1
980,39.08,-119.84,"Tue 3-6, Tue 3-6",2
981,22.16,-159.46,"Fri 12-3, Mon 9-12",1
982,42.735,-93.369,"Wed 3-6, Thu 3-6",4
983,33.58,-86.89,"Mon 3-6, Thu 6-9",4
984,43.17,-77.69,"Tue 12-3, Tue 9-12",2
985,40.3,-96.3,"Tue 9-12, Sun 3-6",2
986,41.86,-73.44,"Mon 12-3, Thu 9-12",4
987,39.4,-85.9,"Sat 12-3, Thu 9-12",4
988,NA,NA,"Wed 6-9, Thu 9-12, Mon 3-6",NA
989,40.3,-78.2,"Fri 12-3, Sun 6-9",4
990,38.96,-77.61,"Fri 6-9, Thu 6-9, Fri 12-3",4
991,38.1,-105.5,"Fri 9-12, Sun 12-3",4
992,39.6,-83.1,"Thu 9-12, Sat 6-9, Wed 6-9",4
993,NA,NA,"Sat 12-3, Tue 12-3",NA
994,NA,NA,"Mon 12-3, Thu 6-9",NA
995,30.28,-92.03,"Sun 6-9, Wed 12-3",4
996,30.7,-81.9,"Thu 9-12, Sun 9-12, Thu 3-6",4
997,32.4,-110.7,"Tue 9-12, Sun 9-12",2
998,35.8347,-77.1707,"Fri 12-3, Mon 3-6",4
999,43.05,-88.04,"Sat 9-12, Tue 12-3, Thu 9-12",4
1000,40.15,-74.84,"Sat 12-3, Mon 9-12",1
