id,name,location,contact_number,lat,lng
E001,Matthew Dawson,"Whiteport, GU",+12828663152,40.852227,-74.480989
E002,Mark Little,"Masonborough, IL",+18887926924,40.487829,-74.282789
E003,Kelly Vasquez,"New Jaredbury, NJ",+19732139064,40.949271,-73.829301
E004,Robin Anthony,"New Beckyfort, NE",+10665495844,41.10498,-74.419061
E005,Thomas Clark,"Lake Tina, CO",+11596998427,40.634722,-74.476203
E006,Rebecca Tapia,"South Johnshire, NY",+15532076971,40.431438,-74.000645
E007,Thomas Johnson,"New John, OK",+19794647887,40.239336,-74.307162
E008,Benjamin Lucas,"Lake Peterview, SC",+15187132714,40.862684,-73.961059
E009,Andrew Browning DVM,"Port Julie, AZ",+11268928813,40.433241,-73.916734
E010,Jessica Mitchell,"Williamsmouth, NE",+14081092153,41.02223,-74.499501
E011,Micheal Tapia,"North James, MN",+15342398396,41.018619,-73.807861
E012,Tracy Thomas,"North Joshuaburgh, GA",+11798246619,40.553051,-74.350521
E013,George Hernandez,"New Marioberg, TN",+10410088328,41.170013,-74.169405
E014,Tiffany Lin,"Larsonchester, AR",+13477641899,40.305546,-74.409284
E015,Thomas Lane,"West Heatherborough, MH",+16882488235,41.060294,-73.902274
E016,Rick Mendez,"Lawsonport, NJ",+18494470014,41.019928,-73.776268
E017,Robert Nolan,"Teresatown, OH",+19383777478,40.749028,-73.532884
E018,Allen Beck,"Lake Robertmouth, OH",+13110328624,40.591334,-73.953959
E019,Tiffany Martinez,"Lamside, KS",+11375109471,41.042205,-73.88748
E020,Emily Knight,"Mitchelltown, DE",+19531719667,41.074507,-73.928648
E021,Steven Ruiz,"Mayfort, VT",+14046096421,40.917372,-74.460176
E022,Jacqueline Bauer,"West Tonyaberg, PA",+19264930898,40.440698,-74.216612
E023,Gary Bates,"Lake Nathan, NV",+12342584532,40.292592,-74.273209
E024,Sara Davis,"Lake Cynthia, WY",+11534716167,40.313801,-74.228026
E025,Allen Wang,"North Steven, SC",+17826491949,40.848484,-74.141168
E026,Vicki Morgan,"East Dawn, WY",+10950505151,40.582981,-74.296493
E027,Patrick Lyons,"South Randy, MO",+19756797191,40.479778,-73.569345
E028,Stacy Phillips,"Meganchester, VA",+15494748424,40.860835,-73.896869
E029,Tonya Garcia,"Wrightland, KS",+14108869623,40.383939,-73.776873
E030,Chase Yang,"Mercerfurt, FM",+13851960702,40.376202,-74.126545
E031,Beth Evans,"West Jasminehaven, TN",+10923169110,41.202323,-73.866
E032,Marie Madden,"East Markhaven, CO",+10732965946,40.76975,-73.821386
E033,Michael Burns,"Lozanobury, VA",+10989802691,41.055652,-73.73
E034,Kevin Harrison,"Lake Jennifer, ND",+18898697973,40.441848,-74.4739
E035,William Romero,"Ashleybury, ND",+16399219363,40.528253,-74.238259
E036,Robert Griffin,"Lake Jamesside, MO",+11757008830,40.423783,-73.56309
E037,Rodney Curtis,"North Laura, AS",+13859812247,41.089168,-74.191322
E038,Jenna Shields,"East Pedro, CT",+10738879379,40.868239,-74.110368
E039,Cameron Lopez,"East Shelbyborough, AK",+16098375047,41.127348,-74.047148
E040,Kristin Combs,"Maciasberg, GU",+11073446454,40.47768,-74.259372
E041,Denise Cox,"Allenside, VA",+18665163642,40.774168,-74.243258
E042,Kathryn Anderson,"Wolfshire, IA",+15882731585,40.797386,-73.608177
E043,Jimmy Wells,"Lewisport, PA",+11735921793,40.612201,-74.286679
E044,Lisa Mayo,"Millerton, MD",+19334462003,41.210338,-73.996474
E045,Patricia Phillips,"Zacharyburgh, IA",+12310976029,40.303709,-74.458884
E046,Carolyn Rodriguez,"South Michelle, OR",+14063060863,40.322449,-73.878554
E047,Matthew Stone,"Lewistown, OH",+15213588715,41.004879,-74.08384
E048,James Smith,"New Chelseamouth, UT",+13850965020,40.276328,-74.124381
E049,Timothy Tyler,"South Jordanside, NJ",+14706877939,41.208921,-73.976886
E050,Jonathan Johnson,"Erinborough, MA",+10710279818,41.183878,-73.64522
E051,Steven Norris,"East Shaneborough, OR",+12999887883,40.224281,-73.785278
E052,Jeffrey Macdonald,"East Jessicamouth, PR",+16485862390,40.89451,-73.96903
E053,Erin Silva,"West Bryanfort, MN",+13702038593,40.479625,-73.865038
E054,Robin Alexander,"West Heidi, RI",+13211845548,40.324352,-74.071235
E055,Matthew Campbell,"North Robert, IA",+17618732068,40.666524,-73.552184
E056,Kenneth Everett,"South Brandon, FM",+15099901811,41.088653,-74.242611
E057,John Yang,"Erikaport, NJ",+14232186102,40.713386,-74.327348
E058,Samantha Morris,"Mcgeeshire, ME",+17880959974,41.125428,-73.635481
E059,Michelle Archer,"Stephanieville, GU",+17760777470,40.511245,-73.867051
E060,Charles Singh,"Jamieton, NH",+12234083832,40.82177,-74.353161
E061,Jessica Poole,"New Amanda, TN",+19994216016,40.975311,-73.966621
E062,Elizabeth Brown,"Karenchester, MD",+17955838052,40.991426,-73.975646
E063,Jacqueline Farmer,"Nicolehaven, MH",+18276439324,40.213372,-74.181844
E064,Dr. Erin Keller MD,"Millsville, OK",+19589356687,40.232277,-73.576901
E065,Samuel Murphy,"Lake Joshua, GA",+11105966912,41.091522,-73.674334
E066,Carl Gillespie,"West Allenville, AK",+16737785389,40.520314,-74.448075
E067,Sophia Moran,"South Lisachester, AR",+15667571003,41.09081,-73.559051
E068,Logan Perry,"South Courtneyborough, OH",+12119322903,40.298453,-74.02001
E069,Rebecca Sanchez,"Samanthaville, AK",+17451807457,40.282013,-73.745398
E070,Angela Butler,"West Laurenberg, RI",+12830737829,40.978634,-74.377609
E071,Kathleen Miller,"Andrewborough, ME",+14720278326,40.688082,-73.956196
E072,Nathaniel Smith,"West Jason, CA",+19058680940,40.477857,-73.633567
E073,Francisco Perkins,"Lake Nicholasfurt, ID",+18847087507,40.635938,-74.294202
E074,Louis Pearson,"Harveyview, GU",+16978564432,40.752096,-73.776069
E075,Tracey Henry,"West Julie, MO",+19265777355,40.413951,-74.194284
E076,John Andrade,"Edwardsborough, IA",+17640088326,41.207949,-73.856122
E077,Jacob Walker,"West Taylor, MH",+12535070939,40.6509,-73.988424
E078,Tracy Cabrera,"Oliverside, ND",+12545019497,40.333804,-74.281303
E079,Juan Houston,"Amyfurt, WY",+17978722351,40.550886,-73.917691
E080,Joseph Anderson,"Mooreside, ME",+19035638441,40.442915,-74.285783
E081,Christine Cantu,"Matthewfurt, MA",+13967239281,40.283793,-73.874897
E082,Kristina Valenzuela,"Jasmineburgh, AR",+18412932872,40.441742,-73.60058
E083,Carl Smith,"Jimmychester, SC",+14055271035,41.072435,-74.435143
E084,Catherine Garcia,"Williammouth, SC",+10691325839,40.450805,-73.837022
E085,Brian Collins,"Davidsonchester, TN",+17954194819,40.427037,-74.373688
E086,Kristin Wilson DVM,"East Kevinmouth, MA",+14279328246,41.148314,-73.934957
E087,Mrs. Jacqueline Munoz,"Weissfurt, FL",+16609594384,40.685471,-73.721381
E088,Mr. Andrew Ford,"East Michele, TN",+10383913398,41.020297,-74.31559
E089,Dr. Nicholas Neal,"Frankshire, AZ",+10714305991,40.309731,-74.074949
E090,Richard Barrera,"North Melissa, NE",+10112229578,40.636379,-74.038975
E091,James Graham,"Sanchezfort, HI",+13725076965,40.941876,-73.832635
E092,Michael Wilson,"North Sarah, PW",+10074577997,41.196965,-74.407582
E093,Jennifer James,"Sarahside, NJ",+19299068684,40.615421,-74.166697
E094,Mary Myers,"Heatherchester, WY",+12463631842,41.074473,-74.257344
E095,Daniel Castaneda,"Edgarborough, NM",+10507258296,40.403009,-74.057386
E096,Jake Martinez,"Turnerville, KS",+11473143075,40.634682,-74.227455
E097,Veronica Butler,"East Michael, AR",+10930627876,40.462606,-73.582734
E098,Ashley Buck,"Stephanieshire, GU",+12348748450,40.655931,-73.644651
E099,Dana Conrad,"Amberberg, AS",+11503431587,40.763125,-74.455412
E100,Joseph Bennett,"Port Robyn, TX",+17797703966,41.212082,-73.669972
